DATE,MAX_TEMPERATURE_C,MIN_TEMPERATURE_C,WINDSPEED_MAX_KMH,PRECIP_TOTAL_DAY_MM,HUMIDITY_MAX_PERCENT,CLOUDCOVER_AVG_PERCENT,HEATINDEX_MAX_C,WINDTEMP_MAX_C,SUNHOUR
2020-01-01,10,9,6,0.0,78,32.375,10,9,5.2
2020-01-02,9,7,15,0.0,79,74.25,10,5,3.4
2020-01-03,13,10,8,0.0,85,64.0,13,9,8.7
2020-01-04,14,11,32,0.0,67,1.875,14,8,8.7
2020-01-05,11,7,24,0.0,64,0.0,11,5,8.7
2020-01-06,10,8,15,0.0,76,65.25,11,6,3.4
2020-01-07,14,9,16,0.0,74,14.25,14,7,8.7
2020-01-08,14,10,8,0.0,74,11.125,14,9,8.7
2020-01-09,12,8,14,0.1,79,47.25,12,7,8.7
2020-01-10,13,11,20,2.5,79,49.125,13,9,8.7
2020-01-11,11,8,17,0.0,69,1.375,11,6,8.7
2020-01-12,12,8,8,0.0,59,17.5,12,6,6.9
2020-01-13,10,7,9,0.0,72,51.375,10,6,6.9
2020-01-14,13,11,19,0.3,82,64.5,13,10,6.9
2020-01-15,13,12,28,3.7,82,81.125,13,10,3.4
2020-01-16,12,9,15,0.7,82,59.25,12,7,3.4
2020-01-17,13,12,31,5.7,88,71.875,13,8,5.2
2020-01-18,11,7,15,0.0,67,10.625,11,5,8.7
2020-01-19,8,7,48,0.0,64,64.375,8,2,3.5
2020-01-20,8,5,29,0.0,62,54.625,8,1,8.7
2020-01-21,10,6,31,3.1,81,93.625,10,2,3.5
2020-01-22,11,8,25,5.1,73,65.875,11,5,7.0
2020-01-23,13,9,32,3.8,86,91.625,13,5,3.5
2020-01-24,12,10,23,40.3,92,99.0,12,6,3.5
2020-01-25,12,10,22,4.6,87,94.25,12,8,3.5
2020-01-26,12,10,20,17.7,89,87.375,12,7,3.5
2020-01-27,11,8,14,0.0,84,63.75,11,8,3.5
2020-01-28,13,11,25,1.1,83,65.625,13,9,5.3
2020-01-29,13,11,26,0.0,70,56.625,13,8,3.5
2020-01-30,12,10,8,0.0,82,65.125,12,10,3.6
2020-01-31,16,12,17,0.0,82,38.125,16,11,8.7
2020-02-01,15,11,22,0.2,85,23.375,15,10,7.0
2020-02-02,16,13,22,0.0,83,33.0,16,13,8.7
2020-02-03,19,15,22,0.0,66,7.0,19,15,10.0
2020-02-04,14,11,34,0.0,64,5.375,14,8,10.0
2020-02-05,13,8,29,0.0,59,7.25,13,5,10.4
2020-02-06,11,7,26,0.0,69,65.5,11,2,6.8
2020-02-07,11,9,14,0.1,72,80.75,11,7,5.2
2020-02-08,12,11,14,2.3,81,85.25,12,9,5.3
2020-02-09,12,10,15,0.9,87,70.5,12,9,6.9
2020-02-10,16,12,24,0.3,89,47.5,16,11,10.6
2020-02-11,15,13,30,0.0,70,52.0,15,11,10.0
2020-02-12,15,9,17,0.0,61,13.0,16,7,10.6
2020-02-13,11,8,10,0.0,79,45.125,11,6,6.9
2020-02-14,16,11,21,0.0,65,4.875,16,8,10.7
2020-02-15,13,10,10,0.0,77,10.125,13,8,10.7
2020-02-16,13,11,23,1.4,93,77.625,14,9,5.4
2020-02-17,14,13,21,2.8,94,72.625,14,12,6.9
2020-02-18,14,10,26,0.0,62,3.625,14,6,10.8
2020-02-19,14,10,27,0.0,65,12.375,14,7,10.8
2020-02-20,13,10,10,0.0,69,20.375,13,9,10.9
2020-02-21,16,12,19,0.0,67,18.625,16,10,10.9
2020-02-22,16,11,8,0.0,59,32.25,16,10,10.9
2020-02-23,20,13,10,0.0,55,0.25,20,14,10.9
2020-02-24,18,14,13,0.0,62,0.375,18,13,11.0
2020-02-25,15,11,30,0.0,68,49.5,15,8,8.5
2020-02-26,11,9,44,0.2,64,31.5,11,5,8.6
2020-02-27,13,9,33,1.4,80,61.25,13,6,7.0
2020-02-28,13,8,12,0.0,67,30.125,13,7,10.1
2020-02-29,15,13,36,2.5,87,79.0,15,10,5.6
2020-03-01,13,12,24,1.7,79,70.875,13,10,8.6
2020-03-02,13,11,41,0.2,79,73.5,13,8,7.1
2020-03-03,11,8,24,0.6,72,50.5,11,5,5.6
2020-03-04,13,9,16,0.0,71,38.25,13,6,7.1
2020-03-05,12,10,30,4.6,89,82.125,12,8,5.6
2020-03-06,11,9,38,0.1,74,46.0,11,6,8.6
2020-03-07,14,10,31,0.0,56,18.25,14,6,11.3
2020-03-08,13,9,14,0.0,68,22.25,13,8,11.4
2020-03-09,14,11,36,0.0,60,18.625,14,8,11.4
2020-03-10,15,12,22,0.0,68,34.125,15,9,11.4
2020-03-11,21,14,10,0.0,74,5.0,21,13,11.4
2020-03-12,17,14,10,0.1,80,28.0,17,13,11.5
2020-03-13,16,13,22,0.5,75,34.0,16,11,11.5
2020-03-14,17,11,10,0.0,55,3.75,17,11,11.6
2020-03-15,14,11,31,0.0,75,22.375,14,9,11.6
2020-03-16,14,13,34,0.0,71,61.25,14,10,8.8
2020-03-17,16,12,13,0.0,64,24.75,16,11,11.6
2020-03-18,17,14,10,0.0,72,5.75,17,13,11.6
2020-03-19,17,14,9,0.0,67,6.5,17,14,11.6
2020-03-20,15,12,15,0.0,73,3.25,15,11,11.6
2020-03-21,15,12,10,0.0,70,8.625,15,12,11.6
2020-03-22,15,12,13,0.0,71,14.625,15,11,11.6
2020-03-23,14,12,28,0.1,74,59.0,14,9,6.3
2020-03-24,11,8,28,1.4,78,90.5,11,5,6.3
2020-03-25,11,7,19,1.9,67,41.0,11,5,10.3
2020-03-26,12,7,18,12.1,79,46.5,12,3,11.6
2020-03-27,13,10,13,0.0,62,46.875,13,9,10.3
2020-03-28,15,12,14,0.0,70,47.125,15,12,11.6
2020-03-29,17,14,21,2.4,66,44.0,17,13,7.7
2020-03-30,14,10,10,0.0,60,38.5,14,9,11.6
2020-03-31,13,9,26,0.5,80,50.25,13,5,10.3
2020-04-01,12,11,24,0.2,67,62.0,12,8,9.0
2020-04-02,12,10,17,0.0,71,30.5,12,9,11.6
2020-04-03,17,12,9,0.0,59,14.75,17,11,11.6
2020-04-04,15,12,14,0.0,69,0.625,15,11,11.6
2020-04-05,15,13,23,0.0,74,1.0,15,11,11.6
2020-04-06,16,13,17,0.0,67,9.75,16,11,11.6
2020-04-07,17,14,15,0.0,69,5.75,17,13,11.6
2020-04-08,17,14,11,0.0,58,4.0,17,14,11.6
2020-04-09,19,16,13,0.0,50,1.0,19,16,11.6
2020-04-10,18,16,14,0.0,57,2.75,18,15,11.6
2020-04-11,18,16,14,0.0,64,0.875,18,16,11.6
2020-04-12,17,14,20,0.0,68,15.25,17,13,11.6
2020-04-13,14,13,15,10.7,87,60.75,14,12,7.9
2020-04-14,20,15,22,0.9,59,19.375,20,15,11.6
2020-04-15,16,15,30,0.0,71,5.125,16,14,11.6
2020-04-16,16,14,19,0.0,75,21.375,16,13,11.6
2020-04-17,15,14,16,0.0,86,61.625,15,13,6.9
2020-04-18,17,15,9,0.1,80,59.75,17,14,9.2
2020-04-19,14,11,15,9.3,96,91.875,14,13,6.9
2020-04-20,15,13,15,19.6,95,96.0,16,13,6.9
2020-04-21,15,12,14,12.9,93,87.625,15,12,6.9
2020-04-22,15,13,27,10.6,88,94.625,15,12,6.9
2020-04-23,18,16,14,2.5,81,60.25,18,15,10.4
2020-04-24,19,16,18,0.4,83,31.875,19,16,11.6
2020-04-25,18,16,19,0.0,78,13.375,18,16,11.6
2020-04-26,19,16,17,1.1,77,40.375,19,17,10.4
2020-04-27,18,17,23,1.5,80,54.0,18,17,10.5
2020-04-28,20,15,23,28.9,71,57.5,20,15,11.6
2020-04-29,18,15,26,0.1,71,27.75,18,15,11.6
2020-04-30,18,17,22,0.6,68,56.125,18,17,7.0
2020-05-01,18,14,22,2.1,82,55.5,18,14,8.2
2020-05-02,20,17,26,0.3,79,52.625,20,17,9.3
2020-05-03,24,19,21,0.0,67,12.625,25,19,11.6
2020-05-04,21,17,17,0.0,86,6.75,22,17,11.6
2020-05-05,22,18,12,0.0,79,23.5,25,18,11.6
2020-05-06,25,20,13,0.0,65,7.25,26,20,11.6
2020-05-07,20,17,17,0.0,71,26.75,20,17,10.5
2020-05-08,20,18,19,0.0,83,43.5,20,18,11.6
2020-05-09,19,17,24,0.0,83,21.375,19,17,10.5
2020-05-10,18,13,36,27.3,88,79.25,18,13,7.2
2020-05-11,15,7,26,19.2,87,74.75,16,7,7.2
2020-05-12,18,14,12,1.8,80,61.375,18,14,13.4
2020-05-13,15,9,23,8.4,89,69.125,15,9,10.3
2020-05-14,20,17,19,3.2,85,74.375,20,17,10.3
2020-05-15,19,17,13,3.8,75,57.75,19,17,12.4
2020-05-16,20,17,13,12.6,81,69.125,20,17,11.4
2020-05-17,21,18,12,5.8,86,53.375,23,18,12.4
2020-05-18,27,18,19,0.0,64,11.125,28,18,14.5
2020-05-19,25,20,26,0.0,63,8.625,26,20,14.5
2020-05-20,25,21,24,0.0,65,7.5,26,21,14.5
2020-05-21,24,22,13,0.0,68,3.125,26,22,14.5
2020-05-22,24,21,17,0.0,72,7.75,26,21,14.5
2020-05-23,25,18,20,2.7,73,36.5,26,18,13.5
2020-05-24,24,19,22,0.0,54,1.125,25,19,14.5
2020-05-25,26,19,23,0.0,63,1.25,27,19,14.5
2020-05-26,25,21,18,0.0,59,1.25,26,21,14.5
2020-05-27,22,19,23,0.0,75,6.375,25,19,14.5
2020-05-28,22,20,20,0.0,68,9.125,25,20,14.5
2020-05-29,23,19,27,0.1,77,28.0,25,19,13.5
2020-05-30,21,19,18,0.0,72,14.625,21,19,14.5
2020-05-31,21,19,17,0.0,80,28.625,23,19,13.5
2020-06-01,22,19,17,0.0,83,13.5,25,19,14.5
2020-06-02,22,20,17,0.0,78,21.875,25,20,14.5
2020-06-03,23,21,22,0.9,78,34.375,25,21,11.5
2020-06-04,21,18,30,2.6,75,54.0,23,18,12.5
2020-06-05,21,18,39,0.0,67,25.5,23,18,14.5
2020-06-06,23,20,27,0.8,80,31.25,25,20,13.5
2020-06-07,22,18,15,14.5,74,53.875,23,18,13.5
2020-06-08,22,19,28,0.0,60,17.625,24,19,14.5
2020-06-09,22,18,22,0.1,62,24.5,24,18,13.5
2020-06-10,21,19,15,0.1,67,46.625,23,19,14.5
2020-06-11,19,15,31,0.3,81,59.5,19,15,13.5
2020-06-12,20,18,57,14.4,85,80.25,20,18,10.5
2020-06-13,22,19,26,2.6,80,34.875,25,19,14.5
2020-06-14,25,20,26,0.0,58,14.75,25,20,14.5
2020-06-15,25,21,26,0.0,57,11.375,26,21,14.5
2020-06-16,23,20,26,0.0,61,24.0,25,20,14.5
2020-06-17,23,20,24,0.0,61,11.875,25,20,14.5
2020-06-18,21,19,24,0.0,68,13.875,23,19,14.5
2020-06-19,25,20,18,0.0,60,7.875,25,20,14.5
2020-06-20,27,22,16,0.0,60,4.875,27,22,14.5
2020-06-21,28,22,27,0.0,55,5.75,27,22,14.5
2020-06-22,27,23,23,0.0,61,5.875,28,23,14.5
2020-06-23,27,23,12,0.0,74,0.0,28,23,14.5
2020-06-24,25,23,14,0.0,72,1.0,26,23,14.5
2020-06-25,24,23,15,0.0,73,1.5,26,23,14.5
2020-06-26,24,22,18,0.2,75,35.25,26,22,14.5
2020-06-27,25,18,16,0.0,73,6.375,26,18,14.5
2020-06-28,27,24,19,1.4,69,31.0,29,24,13.5
2020-06-29,29,24,25,1.3,61,31.875,29,24,14.5
2020-06-30,26,23,21,0.0,81,5.0,27,23,14.5
2020-07-01,25,21,15,3.5,90,44.25,26,21,12.5
2020-07-02,28,22,15,2.9,78,58.375,29,22,12.5
2020-07-03,26,20,23,0.0,62,10.875,26,20,14.5
2020-07-04,28,19,17,0.0,63,8.75,28,19,14.5
2020-07-05,30,21,9,0.0,65,11.625,32,21,14.5
2020-07-06,29,22,26,0.0,70,2.5,29,22,14.5
2020-07-07,29,18,18,0.0,54,1.375,29,18,14.5
2020-07-08,26,20,17,0.0,61,3.0,27,20,14.5
2020-07-09,26,22,19,0.0,62,3.0,27,22,14.5
2020-07-10,28,22,20,4.3,74,57.25,29,22,10.5
2020-07-11,28,21,10,3.0,77,24.0,29,21,14.5
2020-07-12,28,20,15,0.0,55,14.375,28,20,13.5
2020-07-13,27,22,20,0.0,60,19.75,28,22,14.5
2020-07-14,28,22,10,0.0,62,26.0,28,22,14.5
2020-07-15,26,21,34,0.0,64,27.625,26,21,14.5
2020-07-16,28,19,17,0.0,63,17.625,29,19,14.5
2020-07-17,28,20,26,0.0,67,12.25,28,20,14.5
2020-07-18,29,20,14,0.0,64,3.625,29,20,14.5
2020-07-19,27,23,20,0.0,65,2.25,28,23,14.5
2020-07-20,26,22,17,0.0,66,4.375,27,22,14.5
2020-07-21,25,21,17,0.0,86,8.875,27,21,14.5
2020-07-22,28,21,9,0.5,85,16.875,29,21,14.5
2020-07-23,29,23,16,3.5,76,51.375,31,23,12.4
2020-07-24,31,23,20,1.2,64,23.375,31,23,14.5
2020-07-25,28,23,23,0.0,55,7.625,29,23,14.5
2020-07-26,29,23,17,0.0,57,11.25,30,23,14.5
2020-07-27,28,24,17,0.0,62,1.375,29,24,14.5
2020-07-28,27,22,15,0.9,80,33.25,29,22,14.5
2020-07-29,30,24,20,0.1,78,14.875,32,24,14.5
2020-07-30,28,25,15,0.6,74,21.625,30,25,13.4
2020-07-31,28,23,16,0.2,73,18.375,30,23,13.4
2020-08-01,33,25,22,1.0,70,9.375,35,25,14.5
2020-08-02,31,24,26,2.0,72,22.5,32,24,14.5
2020-08-03,28,22,32,0.0,62,10.875,27,22,14.5
2020-08-04,28,19,28,0.0,52,2.75,27,19,14.5
2020-08-05,28,20,15,0.0,52,0.625,28,20,14.5
2020-08-06,29,22,15,0.0,55,0.125,29,22,14.5
2020-08-07,28,23,17,0.0,57,0.625,28,23,11.6
2020-08-08,28,22,15,0.0,83,7.0,29,22,11.6
2020-08-09,28,23,18,1.3,82,32.625,29,23,11.6
2020-08-10,27,23,13,0.7,75,23.25,29,23,11.6
2020-08-11,27,22,16,0.4,77,24.75,29,22,9.3
2020-08-12,27,22,28,0.2,83,28.0,28,22,10.5
2020-08-13,26,21,16,8.2,88,64.25,29,21,7.0
2020-08-14,29,22,14,0.3,74,33.75,30,22,11.6
2020-08-15,29,23,17,0.0,59,7.5,30,23,11.6
2020-08-16,27,22,13,0.4,84,51.5,29,22,9.3
2020-08-17,27,22,18,0.0,62,19.75,27,22,11.6
2020-08-18,28,22,17,1.2,68,39.25,29,22,11.6
2020-08-19,27,23,17,0.0,64,9.125,28,23,11.6
2020-08-20,26,22,22,0.0,86,14.75,29,22,11.6
2020-08-21,27,23,15,0.0,86,7.0,29,23,11.6
2020-08-22,32,23,19,0.0,73,10.375,32,23,11.6
2020-08-23,29,22,20,0.0,58,19.0,29,22,11.6
2020-08-24,29,20,14,0.0,59,9.25,29,20,11.6
2020-08-25,27,22,21,0.0,54,6.5,27,22,11.6
2020-08-26,29,22,19,0.0,60,3.875,31,22,11.6
2020-08-27,30,23,14,0.0,58,6.75,31,23,11.6
2020-08-28,28,24,20,4.0,62,52.5,29,24,7.9
2020-08-29,21,17,14,15.2,86,54.125,23,17,10.3
2020-08-30,24,17,24,3.9,71,46.375,25,17,11.6
2020-08-31,25,17,21,0.0,64,15.0,25,17,11.6
2020-09-01,23,18,10,0.0,60,17.25,25,18,11.6
2020-09-02,25,18,11,0.0,57,5.0,26,18,11.6
2020-09-03,25,19,11,0.0,62,6.0,26,19,11.6
2020-09-04,24,20,14,0.0,58,1.25,25,20,11.6
2020-09-05,24,20,15,0.0,79,1.0,25,20,11.6
2020-09-06,27,21,25,0.0,66,6.125,26,21,11.6
2020-09-07,25,17,23,0.0,55,14.5,25,17,11.6
2020-09-08,27,18,17,2.2,60,37.125,27,18,9.0
2020-09-09,24,20,18,4.0,71,62.25,26,20,9.0
2020-09-10,25,20,14,2.5,78,55.25,26,20,7.7
2020-09-11,26,21,17,1.2,64,40.625,27,21,11.6
2020-09-12,28,22,12,2.2,62,23.875,28,22,11.6
2020-09-13,27,22,13,0.0,56,3.625,28,22,11.6
2020-09-14,26,21,15,0.0,69,3.125,28,21,11.6
2020-09-15,26,21,13,0.0,70,3.375,27,21,11.6
2020-09-16,27,21,14,0.0,74,11.75,28,21,11.6
2020-09-17,28,23,14,0.0,66,6.75,29,23,11.6
2020-09-18,25,21,22,0.1,86,27.375,27,21,11.6
2020-09-19,24,23,28,37.3,84,71.25,26,23,6.1
2020-09-20,26,20,19,15.9,88,47.5,27,20,8.8
2020-09-21,24,20,14,0.1,68,23.5,25,20,11.6
2020-09-22,22,19,13,1.4,75,58.625,25,19,8.8
2020-09-23,22,18,13,0.0,82,11.25,25,18,11.6
2020-09-24,23,19,12,1.4,79,68.375,25,19,7.4
2020-09-25,19,15,40,0.4,61,47.5,19,14,11.6
2020-09-26,18,12,41,0.1,61,30.125,18,9,10.2
2020-09-27,14,11,37,0.9,64,60.25,14,8,6.0
2020-09-28,17,15,38,0.0,67,55.5,17,14,8.8
2020-09-29,19,14,8,0.0,66,35.25,19,13,8.8
2020-09-30,19,16,13,0.0,71,6.375,19,16,11.6
2020-10-01,22,15,15,0.0,86,45.625,23,14,8.8
2020-10-02,20,16,40,4.6,81,66.375,20,14,7.3
2020-10-03,17,13,25,2.3,75,64.875,17,11,7.3
2020-10-04,17,15,8,1.4,69,55.25,17,15,8.7
2020-10-05,18,13,24,0.0,71,36.25,18,12,11.6
2020-10-06,17,14,19,2.0,76,56.5,17,13,7.3
2020-10-07,20,16,29,0.3,70,36.625,20,16,11.6
2020-10-08,19,14,10,0.0,74,13.375,19,14,11.6
2020-10-09,19,15,9,0.0,80,25.25,19,15,11.6
2020-10-10,20,15,16,0.0,69,28.0,20,15,11.6
2020-10-11,16,12,39,0.0,58,9.875,16,9,11.5
2020-10-12,18,13,31,0.0,56,6.375,18,10,11.5
2020-10-13,17,10,21,0.0,61,36.5,17,9,10.1
2020-10-14,15,11,9,0.1,70,48.375,15,10,7.2
2020-10-15,16,11,32,0.0,66,37.625,16,8,11.4
2020-10-16,16,11,32,0.0,64,42.625,16,8,8.7
2020-10-17,17,10,9,0.0,67,11.375,17,9,8.7
2020-10-18,17,11,10,0.0,68,0.5,17,10,8.7
2020-10-19,16,10,22,0.1,73,41.375,16,8,7.1
2020-10-20,17,15,38,0.3,82,75.625,17,14,7.1
2020-10-21,17,16,53,0.5,81,85.5,18,16,3.9
2020-10-22,18,17,39,2.5,89,92.625,18,17,3.9
2020-10-23,20,18,35,9.2,93,67.625,20,18,5.5
2020-10-24,20,14,22,0.0,73,14.5,20,13,8.7
2020-10-25,18,13,23,0.0,86,39.875,18,11,7.1
2020-10-26,17,13,27,1.6,77,47.125,17,11,7.1
2020-10-27,17,12,29,0.0,67,18.25,17,10,8.7
2020-10-28,17,13,8,0.2,70,53.375,17,13,7.1
2020-10-29,20,14,24,0.0,71,8.625,20,13,8.7
2020-10-30,21,14,8,0.0,69,16.5,21,14,8.7
2020-10-31,20,14,9,0.0,83,42.875,20,13,7.1
2020-11-01,18,14,11,0.0,81,18.75,18,14,7.1
2020-11-02,18,14,9,0.0,92,23.625,18,14,8.7
2020-11-03,19,16,13,0.0,83,53.25,19,16,8.7
2020-11-04,15,12,22,0.0,65,36.75,15,10,8.7
2020-11-05,17,11,22,0.0,71,35.5,17,9,8.7
2020-11-06,18,12,22,0.0,79,35.625,18,11,5.4
2020-11-07,18,15,41,12.8,86,81.125,18,14,3.7
2020-11-08,18,17,21,36.0,87,76.625,18,17,3.7
2020-11-09,17,16,15,6.3,92,80.5,17,16,3.7
2020-11-10,18,14,9,2.5,87,44.875,18,13,8.7
2020-11-11,18,14,7,0.0,71,12.0,18,14,8.7
2020-11-12,18,13,21,0.0,88,24.875,18,11,8.7
2020-11-13,17,15,11,0.2,87,54.125,17,14,8.7
2020-11-14,17,15,27,4.5,90,72.25,17,15,7.0
2020-11-15,17,16,30,10.1,89,100.0,17,16,3.7
2020-11-16,17,14,28,4.7,72,39.125,17,12,7.0
2020-11-17,16,11,18,0.0,67,13.0,16,9,8.7
2020-11-18,18,11,12,0.0,76,6.75,18,9,8.7
2020-11-19,18,12,29,0.0,75,13.25,18,12,8.7
2020-11-20,13,10,37,0.0,58,8.375,13,6,8.7
2020-11-21,11,6,21,0.0,58,6.5,11,3,8.7
2020-11-22,12,6,15,0.0,61,4.5,12,3,8.7
2020-11-23,13,8,10,0.0,71,12.25,13,6,8.7
2020-11-24,13,8,18,0.0,70,51.5,13,5,7.0
2020-11-25,14,13,32,2.4,78,88.0,14,11,3.6
2020-11-26,14,13,30,8.3,83,87.125,14,11,3.6
2020-11-27,15,12,17,1.9,75,85.75,15,10,3.6
2020-11-28,13,12,23,2.6,78,75.625,13,10,3.6
2020-11-29,16,10,13,0.0,66,6.375,16,8,8.7
2020-11-30,12,7,16,0.0,68,0.0,12,4,8.7
2020-12-01,13,8,33,0.1,64,33.875,13,7,8.7
2020-12-02,10,7,20,0.0,72,29.25,10,3,8.7
2020-12-03,10,6,21,0.0,72,40.625,10,3,8.7
2020-12-04,10,9,17,0.8,71,77.375,10,6,3.4
2020-12-05,11,5,10,0.0,77,21.25,11,3,8.7
2020-12-06,10,6,23,0.0,78,29.125,10,4,8.7
2020-12-07,9,7,20,0.2,72,46.125,9,3,5.2
2020-12-08,9,7,19,2.1,87,71.125,9,5,3.4
2020-12-09,9,5,32,0.0,66,4.0,9,1,8.7
2020-12-10,6,5,12,5.1,89,67.5,6,2,3.4
2020-12-11,7,6,20,8.7,97,79.875,7,2,3.4
2020-12-12,12,10,32,0.9,80,47.125,12,8,5.1
2020-12-13,12,7,23,0.0,66,12.375,12,4,8.7
2020-12-14,11,7,19,1.8,81,72.375,12,5,3.4
2020-12-15,14,13,37,16.7,90,97.875,14,11,3.4
2020-12-16,14,12,39,8.6,90,79.625,14,10,3.4
2020-12-17,14,13,26,4.7,92,76.625,14,12,3.4
2020-12-18,14,12,25,7.3,95,75.5,14,12,3.4
2020-12-19,14,10,38,17.6,90,84.125,14,11,5.1
2020-12-20,14,13,8,4.0,88,77.75,14,13,5.1
2020-12-21,12,10,6,0.0,75,39.125,12,9,6.9
2020-12-22,16,11,8,0.0,81,6.75,16,10,8.7
2020-12-23,13,12,19,0.5,93,65.625,13,10,3.4
2020-12-24,12,11,24,0.1,67,46.375,12,8,8.7
2020-12-25,10,7,35,0.0,68,18.375,10,2,8.7
2020-12-26,8,5,31,0.0,52,5.25,8,0,8.7
2020-12-27,7,3,10,0.0,67,58.875,7,2,5.1
2020-12-28,10,7,41,0.2,78,48.75,10,3,6.9
2020-12-29,9,8,23,0.0,73,54.0,9,4,5.1
2020-12-30,9,7,31,0.5,79,29.375,9,3,8.7
2020-12-31,8,5,7,1.3,80,63.5,8,4,3.4
2021-01-01,8,5,25,2.1,85,90.625,8,4,3.4
2021-01-02,5,3,21,8.0,95,97.75,5,-2,3.4
2021-01-03,7,4,24,0.0,62,64.25,7,-1,3.4
2021-01-04,4,3,15,0.1,79,61.625,4,1,8.7
2021-01-05,6,3,12,0.6,90,74.5,6,0,5.2
2021-01-06,8,2,10,0.0,68,5.25,8,-1,8.7
2021-01-07,5,2,15,0.0,62,52.625,5,-1,6.9
2021-01-08,6,2,15,0.0,61,48.875,6,-2,5.2
2021-01-09,6,3,30,0.0,68,73.375,6,-2,5.2
2021-01-10,5,2,26,0.0,64,51.0,5,-3,6.9
2021-01-11,8,1,12,0.0,67,22.0,8,-2,8.7
2021-01-12,10,3,32,0.0,65,12.25,10,-1,8.7
2021-01-13,13,11,38,0.0,71,14.0,13,7,8.7
2021-01-14,12,8,36,0.0,67,3.0,12,5,8.7
2021-01-15,11,9,36,0.0,69,27.25,11,5,8.7
2021-01-16,8,3,15,0.0,59,25.125,8,0,8.7
2021-01-17,12,8,21,0.0,78,33.125,12,4,8.7
2021-01-18,10,5,17,0.0,64,11.5,10,2,8.7
2021-01-19,8,4,10,0.0,73,25.625,8,1,8.7
2021-01-20,13,9,37,1.4,87,77.625,13,7,3.5
2021-01-21,13,11,16,0.4,88,45.125,13,10,7.0
2021-01-22,12,9,20,0.7,89,66.875,12,8,3.5
2021-01-23,10,7,50,0.2,77,47.75,10,4,5.2
2021-01-24,10,6,30,6.4,80,50.5,10,2,8.7
2021-01-25,9,7,24,0.0,71,38.125,9,4,7.0
2021-01-26,9,4,19,0.0,58,33.875,9,-1,5.3
2021-01-27,12,5,17,0.0,61,44.0,12,3,7.0
2021-01-28,16,12,22,0.0,82,38.0,16,10,8.7
2021-01-29,15,12,28,0.0,84,38.0,15,10,7.0
2021-01-30,12,10,26,4.2,81,63.375,12,8,3.6
2021-01-31,14,10,25,0.0,77,39.5,14,7,8.7
2021-02-01,14,12,31,0.9,78,65.0,14,9,3.6
2021-02-02,15,11,23,0.0,76,23.375,15,9,8.7
2021-02-03,13,11,20,0.4,92,56.5,13,9,3.8
2021-02-04,13,10,19,0.0,89,77.75,13,9,5.2
2021-02-05,14,12,24,0.1,90,58.5,14,10,10.0
2021-02-06,14,11,54,0.6,87,53.625,14,9,8.4
2021-02-07,12,10,32,0.4,71,40.625,12,6,10.5
2021-02-08,9,8,13,4.4,76,89.0,9,6,5.3
2021-02-09,12,10,26,0.1,77,68.75,12,7,8.4
2021-02-10,12,8,27,0.0,72,23.375,12,6,10.6
2021-02-11,11,6,12,0.0,80,3.625,11,3,10.6
2021-02-12,7,5,18,14.8,89,69.625,8,1,6.9
2021-02-13,9,6,11,0.5,88,46.125,9,3,10.7
2021-02-14,8,5,27,0.0,66,52.375,8,2,10.0
2021-02-15,9,6,13,1.6,73,77.5,9,3,5.4
2021-02-16,11,9,17,0.3,86,75.125,11,8,5.4
2021-02-17,14,9,6,0.0,85,20.875,14,8,10.8
2021-02-18,12,10,26,1.6,88,72.5,12,8,5.4
2021-02-19,13,11,28,2.8,91,79.875,13,9,5.4
2021-02-20,13,11,34,0.0,87,61.875,13,9,10.1
2021-02-21,13,10,42,0.0,88,34.125,13,7,10.1
2021-02-22,13,12,54,4.9,86,94.75,13,8,5.5
2021-02-23,12,11,19,5.6,93,89.875,12,9,5.5
2021-02-24,14,10,12,0.0,93,15.375,14,9,11.0
2021-02-25,15,9,12,0.0,87,2.375,15,8,11.0
2021-02-26,16,10,8,0.0,72,5.5,16,10,11.0
2021-02-27,15,11,10,1.0,81,41.375,15,10,7.1
2021-02-28,14,9,20,3.7,75,58.375,14,6,10.1
