Date,Y_Total,D_Total,MAX_TEMPERATURE_C,MIN_TEMPERATURE_C,WINDSPEED_MAX_KMH,PRECIP_TOTAL_DAY_MM,HUMIDITY_MAX_PERCENT,CLOUDCOVER_AVG_PERCENT,HEATINDEX_MAX_C,WINDTEMP_MAX_C,SUNHOUR,hollyday
2020-03-12,550.0,550.0,17,14,10,0.1,80,28.0,17,13,11.5,0.4
2020-03-13,9882.0,3738.0,16,13,22,0.5,75,34.0,16,11,11.5,0.4
2020-03-14,3951.0,642.0,17,11,10,0.0,55,3.75,17,11,11.6,0.4
2020-03-15,28114.0,1462.0,14,11,31,0.0,75,22.375,14,9,11.6,0.4
2020-03-16,50118.0,4371.0,14,13,34,0.0,71,61.25,14,10,8.8,0.4
2020-03-17,62546.0,2256.0,16,12,13,0.0,64,24.75,16,11,11.6,0.4
2020-03-18,41725.0,2197.0,17,14,10,0.0,72,5.75,17,13,11.6,0.4
2020-03-19,37393.0,1413.0,17,14,9,0.0,67,6.5,17,14,11.6,0.4
2020-03-20,31459.0,795.0,15,12,15,0.0,73,3.25,15,11,11.6,0.4
2020-03-21,16364.0,308.0,15,12,10,0.0,70,8.625,15,12,11.6,0.4
2020-03-22,25129.0,241.0,15,12,13,0.0,71,14.625,15,11,11.6,0.4
2020-03-23,43312.0,952.0,14,12,28,0.1,74,59.0,14,9,6.3,0.4
2020-03-24,44744.0,714.0,11,8,28,1.4,78,90.5,11,5,6.3,0.4
2020-03-25,55881.0,1293.0,11,7,19,1.9,67,41.0,11,5,10.3,0.4
2020-03-26,57838.0,1342.0,12,7,18,12.1,79,46.5,12,3,11.6,0.4
2020-03-27,89815.0,2056.0,13,10,13,0.0,62,46.875,13,9,10.3,0.4
2020-03-28,61606.0,952.0,15,12,14,0.0,70,47.125,15,12,11.6,0.4
2020-03-29,20956.0,220.0,17,14,21,2.4,66,44.0,17,13,7.7,0.4
2020-03-30,42744.0,608.0,14,10,10,0.0,60,38.5,14,9,11.6,0.4
2020-03-31,44243.0,679.0,13,9,26,0.5,80,50.25,13,5,10.3,0.4
2020-04-01,22956.0,506.0,12,11,24,0.2,67,62.0,12,8,9.0,0.4
2020-04-02,82182.0,1297.0,12,10,17,0.0,71,30.5,12,9,11.6,0.4
2020-04-03,36479.0,692.0,17,12,9,0.0,59,14.75,17,11,11.6,0.4
2020-04-04,50022.0,718.0,15,12,14,0.0,69,0.625,15,11,11.6,0.4
2020-04-05,50945.0,413.0,15,13,23,0.0,74,1.0,15,11,11.6,0.4
2020-04-06,64906.0,716.0,16,13,17,0.0,67,9.75,16,11,11.6,0.4
2020-04-07,66870.0,740.0,17,14,15,0.0,69,5.75,17,13,11.6,0.4
2020-04-08,82912.0,1258.0,17,14,11,0.0,58,4.0,17,14,11.6,0.4
2020-04-09,71083.0,1083.0,19,16,13,0.0,50,1.0,19,16,11.6,0.4
2020-04-10,14714.0,308.0,18,16,14,0.0,57,2.75,18,15,11.6,0.4
2020-04-11,74872.0,742.0,18,16,14,0.0,64,0.875,18,16,11.6,0.4
2020-04-12,60834.0,358.0,17,14,20,0.0,68,15.25,17,13,11.6,0.4
2020-04-13,30922.0,206.0,14,13,15,10.7,87,60.75,14,12,7.9,0.4
2020-04-14,78660.0,940.0,20,15,22,0.9,59,19.375,20,15,11.6,0.4
2020-04-15,65023.0,1191.0,16,15,30,0.0,71,5.125,16,14,11.6,0.4
2020-04-16,66234.0,794.0,16,14,19,0.0,75,21.375,16,13,11.6,0.4
2020-04-17,85086.0,1156.0,15,14,16,0.0,86,61.625,15,13,6.9,0.4
2020-04-18,87012.0,857.0,17,15,9,0.1,80,59.75,17,14,9.2,0.4
2020-04-19,52900.0,193.0,14,11,15,9.3,96,91.875,14,13,6.9,0.4
2020-04-20,107120.0,782.0,15,13,15,19.6,95,96.0,16,13,6.9,0.4
2020-04-21,72101.0,373.0,15,12,14,12.9,93,87.625,15,12,6.9,0.4
2020-04-22,109860.0,1164.0,15,13,27,10.6,88,94.625,15,12,6.9,0.4
2020-04-23,74320.0,664.0,18,16,14,2.5,81,60.25,18,15,10.4,0.4
2020-04-24,76980.0,1300.0,19,16,18,0.4,83,31.875,19,16,11.6,0.4
2020-04-25,157216.0,1872.0,18,16,19,0.0,78,13.375,18,16,11.6,0.4
2020-04-26,99863.0,758.0,19,16,17,1.1,77,40.375,19,17,10.4,0.4
2020-04-27,81253.0,585.0,18,17,23,1.5,80,54.0,18,17,10.5,0.4
2020-04-28,62610.0,864.0,20,15,23,28.9,71,57.5,20,15,11.6,0.4
2020-04-29,42678.0,618.0,18,15,26,0.1,71,27.75,18,15,11.6,0.4
2020-04-30,174822.0,2094.0,18,17,22,0.6,68,56.125,18,17,7.0,0.4
2020-05-01,88528.0,180.0,18,14,22,2.1,82,55.5,18,14,8.2,0.4
2020-05-02,68271.0,750.0,20,17,26,0.3,79,52.625,20,17,9.3,0.4
2020-05-03,69744.0,651.0,24,19,21,0.0,67,12.625,25,19,11.6,0.4
2020-05-04,71170.0,841.0,21,17,17,0.0,86,6.75,22,17,11.6,0.4
2020-05-05,121260.0,1170.0,22,18,12,0.0,79,23.5,25,18,11.6,0.4
2020-05-06,74840.0,833.0,25,20,13,0.0,65,7.25,26,20,11.6,0.4
2020-05-07,25831.0,466.0,20,17,17,0.0,71,26.75,20,17,10.5,0.4
2020-05-08,131022.0,1112.0,20,18,19,0.0,83,43.5,20,18,11.6,0.4
2020-05-09,53500.0,552.0,19,17,24,0.0,83,21.375,19,17,10.5,0.4
2020-05-10,135264.0,369.0,18,13,36,27.3,88,79.25,18,13,7.2,0.4
2020-05-11,246368.0,2279.0,15,7,26,19.2,87,74.75,16,7,7.2,0.4
2020-05-12,198443.0,5236.0,18,14,12,1.8,80,61.375,18,14,13.4,0.4
2020-05-13,291334.0,4344.0,15,9,23,8.4,89,69.125,15,9,10.3,0.4
2020-05-14,150723.0,2898.0,20,17,19,3.2,85,74.375,20,17,10.3,0.4
2020-05-15,124591.0,2919.0,19,17,13,3.8,75,57.75,19,17,12.4,0.4
2020-05-16,127964.0,1780.0,20,17,13,12.6,81,69.125,20,17,11.4,0.4
2020-05-17,164860.0,2800.0,21,18,12,5.8,86,53.375,23,18,12.4,0.4
2020-05-18,272378.0,5330.0,27,18,19,0.0,64,11.125,28,18,14.5,0.4
2020-05-19,245732.0,4204.0,25,20,26,0.0,63,8.625,26,20,14.5,0.4
2020-05-20,110064.0,2424.0,25,21,24,0.0,65,7.5,26,21,14.5,0.4
2020-05-21,150485.0,1821.0,24,22,13,0.0,68,3.125,26,22,14.5,0.4
2020-05-22,77253.0,949.0,24,21,17,0.0,72,7.75,26,21,14.5,0.4
2020-05-23,198708.0,2398.0,25,18,20,2.7,73,36.5,26,18,13.5,0.4
2020-05-24,161691.0,959.0,24,19,22,0.0,54,1.125,25,19,14.5,0.4
2020-05-25,207607.0,2927.0,26,19,23,0.0,63,1.25,27,19,14.5,0.4
2020-05-26,128624.0,2207.0,25,21,18,0.0,59,1.25,26,21,14.5,0.4
2020-05-27,132744.0,2178.0,22,19,23,0.0,75,6.375,25,19,14.5,0.4
2020-05-28,364895.0,5967.0,22,20,20,0.0,68,9.125,25,20,14.5,0.4
2020-05-29,94788.0,2078.0,23,19,27,0.1,77,28.0,25,19,13.5,0.4
2020-05-30,338578.0,3978.0,21,19,18,0.0,72,14.625,21,19,14.5,0.4
2020-05-31,148347.0,1617.0,21,19,17,0.0,80,28.625,23,19,13.5,0.4
2020-06-01,199669.0,605.0,22,19,17,0.0,83,13.5,25,19,14.5,0.4
2020-06-02,310006.0,6370.0,22,20,17,0.0,78,21.875,25,20,14.5,0.4
2020-06-03,212158.0,3306.0,23,21,22,0.9,78,34.375,25,21,11.5,0.4
2020-06-04,217401.0,2497.0,21,18,30,2.6,75,54.0,23,18,12.5,0.4
2020-06-05,111858.0,2000.0,21,18,39,0.0,67,25.5,23,18,14.5,0.4
2020-06-06,227472.0,1896.0,23,20,27,0.8,80,31.25,25,20,13.5,0.4
2020-06-07,173606.0,818.0,22,18,15,14.5,74,53.875,23,18,13.5,0.4
2020-06-08,356898.0,7014.0,22,19,28,0.0,60,17.625,24,19,14.5,0.4
2020-06-09,423047.0,4174.0,22,18,22,0.1,62,24.5,24,18,13.5,0.4
2020-06-10,435562.0,6476.0,21,19,15,0.1,67,46.625,23,19,14.5,0.4
2020-06-11,191155.0,2548.0,19,15,31,0.3,81,59.5,19,15,13.5,0.4
2020-06-12,258848.0,1444.0,20,18,57,14.4,85,80.25,20,18,10.5,0.4
2020-06-13,262506.0,1694.0,22,19,26,2.6,80,34.875,25,19,14.5,0.4
2020-06-14,332531.0,1581.0,25,20,26,0.0,58,14.75,25,20,14.5,0.4
2020-06-15,410544.0,7554.0,25,21,26,0.0,57,11.375,26,21,14.5,0.4
2020-06-16,771667.0,14900.0,23,20,26,0.0,61,24.0,25,20,14.5,0.4
2020-06-17,645813.0,9558.0,23,20,24,0.0,61,11.875,25,20,14.5,0.4
2020-06-18,586979.0,7379.0,21,19,24,0.0,68,13.875,23,19,14.5,0.4
2020-06-19,376086.0,5121.0,25,20,18,0.0,60,7.875,25,20,14.5,0.4
2020-06-20,228728.0,1298.0,27,22,16,0.0,60,4.875,27,22,14.5,0.4
2020-06-21,309391.0,1823.0,28,22,27,0.0,55,5.75,27,22,14.5,0.4
2020-06-22,549934.0,5719.0,27,23,23,0.0,61,5.875,28,23,14.5,0.4
2020-06-23,239746.0,1594.0,27,23,12,0.0,74,0.0,28,23,14.5,0.4
2020-06-24,574760.0,6703.0,25,23,14,0.0,72,1.0,26,23,14.5,0.4
2020-06-25,421423.0,7413.0,24,23,15,0.0,73,1.5,26,23,14.5,0.4
2020-06-26,685856.0,9040.0,24,22,18,0.2,75,35.25,26,22,14.5,0.4
2020-06-27,434670.0,2915.0,25,18,16,0.0,73,6.375,26,18,14.5,0.4
2020-06-28,351546.0,1798.0,27,24,19,1.4,69,31.0,29,24,13.5,0.4
2020-06-29,535112.0,4832.0,29,24,25,1.3,61,31.875,29,24,14.5,0.4
2020-06-30,912147.0,12467.0,26,23,21,0.0,81,5.0,27,23,14.5,0.4
2020-07-01,929462.0,10652.0,25,21,15,3.5,90,44.25,26,21,12.5,1.0
2020-07-02,1135742.0,12518.0,28,22,15,2.9,78,58.375,29,22,12.5,1.0
2020-07-03,1542025.0,15033.0,26,20,23,0.0,62,10.875,26,20,14.5,1.0
2020-07-04,779895.0,2735.0,28,19,17,0.0,63,8.75,28,19,14.5,1.0
2020-07-05,886095.0,2691.0,30,21,9,0.0,65,11.625,32,21,14.5,1.0
2020-07-06,1394599.0,10195.0,29,22,26,0.0,70,2.5,29,22,14.5,1.0
2020-07-07,404710.0,2766.0,29,18,18,0.0,54,1.375,29,18,14.5,1.0
2020-07-08,412891.0,3707.0,26,20,17,0.0,61,3.0,27,20,14.5,1.0
2020-07-09,522133.0,1878.0,26,22,19,0.0,62,3.0,27,22,14.5,1.0
2020-07-10,427825.0,5029.0,28,22,20,4.3,74,57.25,29,22,10.5,1.0
2020-07-11,430049.0,1097.0,28,21,10,3.0,77,24.0,29,21,14.5,1.0
2020-07-12,325715.0,1385.0,28,20,15,0.0,55,14.375,28,20,13.5,1.0
2020-07-13,327911.0,1508.0,27,22,20,0.0,60,19.75,28,22,14.5,1.0
2020-07-14,220800.0,994.0,28,22,10,0.0,62,26.0,28,22,14.5,1.0
2020-07-15,558589.0,4669.0,26,21,34,0.0,64,27.625,26,21,14.5,1.0
2020-07-16,565632.0,3787.0,28,19,17,0.0,63,17.625,29,19,14.5,1.0
2020-07-17,344808.0,2826.0,28,20,26,0.0,67,12.25,28,20,14.5,1.0
2020-07-18,348275.0,1712.0,29,20,14,0.0,64,3.625,29,20,14.5,1.0
2020-07-19,584042.0,1787.0,27,23,20,0.0,65,2.25,28,23,14.5,1.0
2020-07-20,471939.0,3047.0,26,22,17,0.0,66,4.375,27,22,14.5,1.0
2020-07-21,238616.0,1434.0,25,21,17,0.0,86,8.875,27,21,14.5,1.0
2020-07-22,121329.0,1183.0,28,21,9,0.5,85,16.875,29,21,14.5,1.0
2020-07-23,245006.0,1726.0,29,23,16,3.5,76,51.375,31,23,12.4,1.0
2020-07-24,247514.0,1668.0,31,23,20,1.2,64,23.375,31,23,14.5,1.0
2020-07-25,249429.0,881.0,28,23,23,0.0,55,7.625,29,23,14.5,1.0
2020-07-26,125552.0,378.0,29,23,17,0.0,57,11.25,30,23,14.5,1.0
2020-07-27,126440.0,538.0,28,24,17,0.0,62,1.375,29,24,14.5,1.0
2020-07-28,255094.0,764.0,27,22,15,0.9,80,33.25,29,22,14.5,1.0
2020-07-29,129025.0,475.0,30,24,20,0.1,78,14.875,32,24,14.5,1.0
2020-07-30,261112.0,1256.0,28,25,15,0.6,74,21.625,30,25,13.4,1.0
2020-07-31,527399.0,2499.0,28,23,16,0.2,73,18.375,30,23,13.4,1.0
2020-08-01,530798.0,906.0,33,25,22,1.0,70,9.375,35,25,14.5,1.0
2020-08-02,133204.0,65.0,31,24,26,2.0,72,22.5,32,24,14.5,1.0
2020-08-03,268870.0,1236.0,28,22,32,0.0,62,10.875,27,22,14.5,1.0
2020-08-04,406634.0,1826.0,28,19,28,0.0,52,2.75,27,19,14.5,1.0
2020-08-05,136293.0,170.0,28,20,15,0.0,52,0.625,28,20,14.5,1.0
2020-08-06,137446.0,136.0,29,22,15,0.0,55,0.125,29,22,14.5,1.0
2020-08-07,557141.0,3393.0,28,23,17,0.0,57,0.625,28,23,11.6,1.0
2020-08-08,140082.0,451.0,28,22,15,0.0,83,7.0,29,22,11.6,1.0
2020-08-09,562923.0,1119.0,28,23,18,1.3,82,32.625,29,23,11.6,1.0
2020-08-10,282819.0,537.0,27,23,13,0.7,75,23.25,29,23,11.6,1.0
2020-08-11,142362.0,189.0,27,22,16,0.4,77,24.75,29,22,9.3,1.0
2020-08-12,431196.0,1308.0,27,22,28,0.2,83,28.0,28,22,10.5,1.0
2020-08-13,289322.0,440.0,26,21,16,8.2,88,64.25,29,21,7.0,1.0
2020-08-14,292029.0,951.0,29,22,14,0.3,74,33.75,30,22,11.6,1.0
2020-08-15,146807.0,251.0,29,23,17,0.0,59,7.5,30,23,11.6,1.0
2020-08-16,147401.0,61.0,27,22,13,0.4,84,51.5,29,22,9.3,1.0
2020-08-17,594822.0,2826.0,27,22,18,0.0,62,19.75,27,22,11.6,1.0
2020-08-18,448607.0,1349.0,28,22,17,1.2,68,39.25,29,22,11.6,1.0
2020-08-19,150791.0,426.0,27,23,17,0.0,64,9.125,28,23,11.6,1.0
2020-08-20,455779.0,880.0,26,22,22,0.0,86,14.75,29,22,11.6,1.0
2020-08-21,306850.0,1222.0,27,23,15,0.0,86,7.0,29,23,11.6,1.0
2020-08-22,154494.0,486.0,32,23,19,0.0,73,10.375,32,23,11.6,1.0
2020-08-23,309737.0,223.0,29,22,20,0.0,58,19.0,29,22,11.6,1.0
2020-08-24,156779.0,1292.0,29,20,14,0.0,59,9.25,29,20,11.6,1.0
2020-08-25,945709.0,4675.0,27,22,21,0.0,54,6.5,27,22,11.6,1.0
2020-08-26,477650.0,2717.0,29,22,19,0.0,60,3.875,31,22,11.6,1.0
2020-08-27,803607.0,4432.0,30,23,14,0.0,58,6.75,31,23,11.6,1.0
2020-08-28,161635.0,317.0,28,24,20,4.0,62,52.5,29,24,7.9,1.0
2020-08-29,162839.0,320.0,21,17,14,15.2,86,54.125,23,17,10.3,1.0
2020-08-30,163892.0,534.0,24,17,24,3.9,71,46.375,25,17,11.6,1.0
2020-08-31,662217.0,5329.0,25,17,21,0.0,64,15.0,25,17,11.6,0.4
2020-09-01,1502416.0,9136.0,23,18,10,0.0,60,17.25,25,18,11.6,0.4
2020-09-02,844378.0,4838.0,25,18,11,0.0,57,5.0,26,18,11.6,0.4
2020-09-03,1541281.0,12460.0,25,19,11,0.0,62,6.0,26,19,11.6,0.4
2020-09-04,867234.0,7349.0,24,20,14,0.0,58,1.25,25,20,11.6,0.4
2020-09-05,698575.0,2735.0,24,20,15,0.0,79,1.0,25,20,11.6,0.4
2020-09-06,525990.0,492.0,27,21,25,0.0,66,6.125,26,21,11.6,0.4
2020-09-07,1777362.0,15622.0,25,17,23,0.0,55,14.5,25,17,11.6,0.4
2020-09-08,1439384.0,12000.0,27,18,17,2.2,60,37.125,27,18,9.0,0.4
2020-09-09,908727.0,5057.0,24,20,18,4.0,71,62.25,26,20,9.0,0.4
2020-09-10,737152.0,6816.0,25,20,14,2.5,78,55.25,26,20,7.7,0.4
2020-09-11,930448.0,6653.0,26,21,17,1.2,64,40.625,27,21,11.6,0.4
2020-09-12,749450.0,2006.0,28,22,12,2.2,62,23.875,28,22,11.6,0.4
2020-09-13,565836.0,1515.0,27,22,13,0.0,56,3.625,28,22,11.6,0.4
2020-09-14,951237.0,6327.0,26,21,15,0.0,69,3.125,28,21,11.6,0.4
2020-09-15,1546529.0,15985.0,26,21,13,0.0,70,3.375,27,21,11.6,0.4
2020-09-16,1955192.0,15722.0,27,21,14,0.0,74,11.75,28,21,11.6,0.4
2020-09-17,1188588.0,9660.0,28,23,14,0.0,66,6.75,29,23,11.6,0.4
2020-09-18,1599890.0,7370.0,25,21,22,0.1,86,27.375,27,21,11.6,0.4
2020-09-19,605959.0,1231.0,24,23,28,37.3,84,71.25,26,23,6.1,0.4
2020-09-20,1216023.0,2043.0,26,20,19,15.9,88,47.5,27,20,8.8,0.4
2020-09-21,821578.0,8030.0,24,20,14,0.1,68,23.5,25,20,11.6,0.4
2020-09-22,620138.0,2765.0,22,19,13,1.4,75,58.625,25,19,8.8,0.4
2020-09-23,627456.0,3666.0,22,18,13,0.0,82,11.25,25,18,11.6,0.4
2020-09-24,423574.0,2710.0,23,19,12,1.4,79,68.375,25,19,7.4,0.4
2020-09-25,643517.0,4967.0,19,15,40,0.4,61,47.5,19,14,11.6,0.4
2020-09-26,645968.0,863.0,18,12,41,0.1,61,30.125,18,9,10.2,0.4
2020-09-27,865295.0,1123.0,14,11,37,0.9,64,60.25,14,8,6.0,0.4
2020-09-28,1088451.0,4936.0,17,15,38,0.0,67,55.5,17,14,8.8,0.4
2020-09-29,1756926.0,7542.0,19,14,8,0.0,66,35.25,19,13,8.8,0.4
2020-09-30,1333561.0,6751.0,19,16,13,0.0,71,6.375,19,16,11.6,0.4
2020-10-01,1351075.0,8851.0,22,15,15,0.0,86,45.625,23,14,8.8,0.4
2020-10-02,907376.0,3488.0,20,16,40,4.6,81,66.375,20,14,7.3,0.4
2020-10-03,683110.0,754.0,17,13,25,2.3,75,64.875,17,11,7.3,0.4
2020-10-04,915236.0,1468.0,17,15,8,1.4,69,55.25,17,15,8.7,0.4
2020-10-05,1384441.0,8569.0,18,13,24,0.0,71,36.25,18,12,11.6,0.4
2020-10-06,233595.0,2083.0,17,14,19,2.0,76,56.5,17,13,7.3,0.4
2020-10-07,941163.0,6087.0,20,16,29,0.3,70,36.625,20,16,11.6,0.4
2020-10-08,713901.0,5172.0,19,14,10,0.0,74,13.375,19,14,11.6,0.4
2020-10-09,958391.0,3939.0,19,15,9,0.0,80,25.25,19,15,11.6,0.4
2020-10-10,482981.0,1113.0,20,15,16,0.0,69,28.0,20,15,11.6,0.4
2020-10-11,485671.0,1115.0,16,12,39,0.0,58,9.875,16,9,11.5,0.4
2020-10-12,489991.0,3651.0,18,13,31,0.0,56,6.375,18,10,11.5,0.4
2020-10-13,988263.0,6695.0,17,10,21,0.0,61,36.5,17,9,10.1,0.4
2020-10-14,497252.0,1990.0,15,11,9,0.1,70,48.375,15,10,7.2,0.4
2020-10-15,1006957.0,7237.0,16,11,32,0.0,66,37.625,16,8,11.4,0.4
2020-10-16,1267048.0,6478.0,16,11,32,0.0,64,42.625,16,8,8.7,0.4
2020-10-17,509441.0,1101.0,17,10,9,0.0,67,11.375,17,9,8.7,0.4
2020-10-18,1023367.0,2003.0,17,11,10,0.0,68,0.5,17,10,8.7,0.4
2020-10-19,257608.0,1356.0,16,10,22,0.1,73,41.375,16,8,7.1,0.4
2020-10-20,1035140.0,3232.0,17,15,38,0.3,82,75.625,17,14,7.1,0.4
2020-10-21,780869.0,2066.0,17,16,53,0.5,81,85.5,18,16,3.9,0.4
2020-10-22,524147.0,1865.0,18,17,39,2.5,89,92.625,18,17,3.9,0.4
2020-10-23,263471.0,1249.0,20,18,35,9.2,93,67.625,20,18,5.5,0.4
2020-10-24,527611.0,343.0,20,14,22,0.0,73,14.5,20,13,8.7,0.4
2020-10-25,264725.0,37.0,18,13,23,0.0,86,39.875,18,11,7.1,0.4
2020-10-26,788229.0,3020.0,17,13,27,1.6,77,47.125,17,11,7.1,0.4
2020-10-27,802616.0,2654.0,17,12,29,0.0,67,18.25,17,10,8.7,0.4
2020-10-28,804546.0,327.0,17,13,8,0.2,70,53.375,17,13,7.1,0.4
2020-10-29,270723.0,1170.0,20,14,24,0.0,71,8.625,20,13,8.7,0.4
2020-10-30,271456.0,325.0,21,14,8,0.0,69,16.5,21,14,8.7,0.4
2020-10-31,816791.0,806.0,20,14,9,0.0,83,42.875,20,13,7.1,0.4
2020-11-01,545777.0,723.0,18,14,11,0.0,81,18.75,18,14,7.1,0.4
2020-11-02,1368128.0,3008.0,18,14,9,0.0,92,23.625,18,14,8.7,0.4
2020-11-03,550379.0,2055.0,19,16,13,0.0,83,53.25,19,16,8.7,0.4
2020-11-04,1102879.0,1523.0,15,12,22,0.0,65,36.75,15,10,8.7,0.4
2020-11-05,277373.0,879.0,17,11,22,0.0,71,35.5,17,9,8.7,0.4
2020-11-06,555768.0,386.0,18,12,22,0.0,79,35.625,18,11,5.4,0.4
2020-11-07,279350.0,455.0,18,15,41,12.8,86,81.125,18,14,3.7,0.4
2020-11-08,279765.0,355.0,18,17,21,36.0,87,76.625,18,17,3.7,0.4
2020-11-09,280707.0,833.0,17,16,15,6.3,92,80.5,17,16,3.7,0.4
2020-11-10,843689.0,980.0,18,14,9,2.5,87,44.875,18,13,8.7,0.4
2020-11-11,282291.0,81.0,18,14,7,0.0,71,12.0,18,14,8.7,0.4
2020-11-12,283697.0,722.0,18,13,21,0.0,88,24.875,18,11,8.7,0.4
2020-11-13,569396.0,882.0,17,15,11,0.2,87,54.125,17,14,8.7,0.4
2020-11-14,286173.0,644.0,17,15,27,4.5,90,72.25,17,15,7.0,0.4
2020-11-15,286301.0,118.0,17,16,30,10.1,89,100.0,17,16,3.7,0.4
2020-11-16,574597.0,1525.0,17,14,28,4.7,72,39.125,17,12,7.0,0.4
2020-11-17,288975.0,1280.0,16,11,18,0.0,67,13.0,16,9,8.7,0.4
2020-11-18,289572.0,552.0,18,11,12,0.0,76,6.75,18,9,8.7,0.4
2020-11-19,582450.0,1816.0,18,12,29,0.0,75,13.25,18,12,8.7,0.4
2020-11-20,292450.0,903.0,13,10,37,0.0,58,8.375,13,6,8.7,0.4
2020-11-21,293367.0,612.0,11,6,21,0.0,58,6.5,11,3,8.7,0.4
2020-11-22,588101.0,945.0,12,6,15,0.0,61,4.5,12,3,8.7,0.4
2020-11-23,1473708.0,2943.0,13,8,10,0.0,71,12.25,13,6,8.7,0.4
2020-11-24,296479.0,1200.0,13,8,18,0.0,70,51.5,13,5,7.0,0.4
2020-11-25,892055.0,2330.0,14,13,32,2.4,78,88.0,14,11,3.6,0.4
2020-11-26,298375.0,823.0,14,13,30,8.3,83,87.125,14,11,3.6,0.4
2020-11-27,598973.0,1687.0,15,12,17,1.9,75,85.75,15,10,3.6,0.4
2020-11-28,1799603.0,1175.0,13,12,23,2.6,78,75.625,13,10,3.6,0.4
2020-11-29,602297.0,687.0,16,10,13,0.0,66,6.375,16,8,8.7,0.4
2020-11-30,605299.0,1871.0,12,7,16,0.0,68,0.0,12,4,8.7,0.4
2020-12-01,303531.0,558.0,13,8,33,0.1,64,33.875,13,7,8.7,0.4
2020-12-02,1522142.0,1197.0,10,7,20,0.0,72,29.25,10,3,8.7,0.4
2020-12-03,1835845.0,2833.0,10,6,21,0.0,72,40.625,10,3,8.7,0.4
2020-12-04,614784.0,1062.0,10,9,17,0.8,71,77.375,10,6,3.4,0.4
2020-12-05,616897.0,987.0,11,5,10,0.0,77,21.25,11,3,8.7,0.4
2020-12-06,1236344.0,672.0,10,6,23,0.0,78,29.125,10,4,8.7,0.4
2020-12-07,620516.0,1222.0,9,7,20,0.2,72,46.125,9,3,5.2,0.4
2020-12-08,310940.0,184.0,9,7,19,2.1,87,71.125,9,5,3.4,0.4
2020-12-09,1249435.0,2175.0,9,5,32,0.0,66,4.0,9,1,8.7,0.4
2020-12-10,313892.0,802.0,6,5,12,5.1,89,67.5,6,2,3.4,0.4
2020-12-11,314166.0,226.0,7,6,20,8.7,97,79.875,7,2,3.4,0.4
2020-12-12,945409.0,1429.0,12,10,32,0.9,80,47.125,12,8,5.1,0.4
2020-12-13,1578543.0,1208.0,12,7,23,0.0,66,12.375,12,4,8.7,0.4
2020-12-14,316334.0,120.0,11,7,19,1.8,81,72.375,12,5,3.4,0.4
2020-12-15,317322.0,100.0,14,13,37,16.7,90,97.875,14,11,3.4,0.4
2020-12-16,3185877.0,5167.0,14,12,39,8.6,90,79.625,14,10,3.4,0.4
2020-12-17,1278137.0,1325.0,14,13,26,4.7,92,76.625,14,12,3.4,0.4
2020-12-18,1602640.0,2230.0,14,12,25,7.3,95,75.5,14,12,3.4,0.4
2020-12-19,963978.0,825.0,14,10,38,17.6,90,84.125,14,11,5.1,0.4
2020-12-20,643630.0,40.0,14,13,8,4.0,88,77.75,14,13,5.1,0.4
2020-12-21,968749.0,2062.0,12,10,6,0.0,75,39.125,12,9,6.9,0.4
2020-12-22,969938.0,671.0,16,11,8,0.0,81,6.75,16,10,8.7,0.4
2020-12-23,324478.0,496.0,13,12,19,0.5,93,65.625,13,10,3.4,0.4
2020-12-24,974347.0,427.0,12,11,24,0.1,67,46.375,12,8,8.7,0.4
2020-12-25,650668.0,262.0,10,7,35,0.0,68,18.375,10,2,8.7,0.4
2020-12-26,325679.0,254.0,8,5,31,0.0,52,5.25,8,0,8.7,0.4
2020-12-27,977677.0,154.0,7,3,10,0.0,67,58.875,7,2,5.1,0.4
2020-12-28,652873.0,591.0,10,7,41,0.2,78,48.75,10,3,6.9,0.4
2020-12-29,654106.0,732.0,9,8,23,0.0,73,54.0,9,4,5.1,0.4
2020-12-30,327961.0,623.0,9,7,31,0.5,79,29.375,9,3,8.7,0.4
2020-12-31,656436.0,480.0,8,5,7,1.3,80,63.5,8,4,3.4,0.4
2021-01-01,390.0,390.0,8,5,25,2.1,85,90.625,8,4,3.4,0.4
2021-01-02,1085.0,323.0,5,3,21,8.0,95,97.75,5,-2,3.4,0.4
2021-01-03,1551.0,43.0,7,4,24,0.0,62,64.25,7,-1,3.4,0.4
2021-01-04,3454.0,1166.0,4,3,15,0.1,79,61.625,4,1,8.7,0.4
2021-01-05,5120.0,654.0,6,3,12,0.6,90,74.5,6,0,5.2,0.4
2021-01-06,11925.0,1674.0,8,2,10,0.0,68,5.25,8,-1,8.7,0.4
2021-01-07,15941.0,1883.0,5,2,15,0.0,62,52.625,5,-1,6.9,0.4
2021-01-08,25014.0,1662.0,6,2,15,0.0,61,48.875,6,-2,5.2,0.4
2021-01-09,36525.0,1425.0,6,3,30,0.0,68,73.375,6,-2,5.2,0.4
2021-01-10,23320.0,190.0,5,2,26,0.0,64,51.0,5,-3,6.9,0.4
2021-01-11,26387.0,1748.0,8,1,12,0.0,67,22.0,8,-2,8.7,0.4
2021-01-12,29747.0,1511.0,10,3,32,0.0,65,12.25,10,-1,8.7,0.4
2021-01-13,78215.0,3833.0,13,11,38,0.0,71,14.0,13,7,8.7,0.4
2021-01-14,63261.0,3416.0,12,8,36,0.0,67,3.0,12,5,8.7,0.4
2021-01-15,13387.0,149.0,11,9,36,0.0,69,27.25,11,5,8.7,0.4
2021-01-16,58712.0,1024.0,8,3,15,0.0,59,25.125,8,0,8.7,0.4
2021-01-17,46134.0,483.0,12,8,21,0.0,78,33.125,12,4,8.7,0.4
2021-01-18,82794.0,3324.0,10,5,17,0.0,64,11.5,10,2,8.7,0.4
2021-01-19,72255.0,3335.0,8,4,10,0.0,73,25.625,8,1,8.7,0.4
2021-01-20,115384.0,3484.0,13,9,37,1.4,87,77.625,13,7,3.5,0.4
2021-01-21,62042.0,2468.0,13,11,16,0.4,88,45.125,13,10,7.0,0.4
2021-01-22,21483.0,182.0,12,9,20,0.7,89,66.875,12,8,3.5,0.4
2021-01-23,69501.0,2112.0,10,7,50,0.2,77,47.75,10,4,5.2,0.4
2021-01-24,93760.0,368.0,10,6,30,6.4,80,50.5,10,2,8.7,0.4
2021-01-25,74096.0,2114.0,9,7,24,0.0,71,38.125,9,4,7.0,0.4
2021-01-26,103976.0,2732.0,9,4,19,0.0,58,33.875,9,-1,5.3,0.4
2021-01-27,137030.0,3210.0,12,5,17,0.0,61,44.0,12,3,7.0,0.4
2021-01-28,85347.0,609.0,16,12,22,0.0,82,38.0,16,10,8.7,0.4
2021-01-29,90238.0,1132.0,15,12,28,0.0,84,38.0,15,10,7.0,0.4
2021-01-30,125215.0,755.0,12,10,26,4.2,81,63.375,12,8,3.6,0.4
2021-01-31,64224.0,748.0,14,10,25,0.0,77,39.5,14,7,8.7,0.4
2021-02-01,65997.0,1107.0,14,12,31,0.9,78,65.0,14,9,3.6,0.4
2021-02-02,139531.0,4511.0,15,11,23,0.0,76,23.375,15,9,8.7,0.4
2021-02-03,179599.0,2959.0,13,11,20,0.4,92,56.5,13,9,3.8,0.4
2021-02-04,112044.0,1446.0,13,10,19,0.0,89,77.75,13,9,5.2,0.4
2021-02-05,77515.0,809.0,14,12,24,0.1,90,58.5,14,10,10.0,0.4
2021-02-06,280705.0,1797.0,14,11,54,0.6,87,53.625,14,9,8.4,0.4
2021-02-07,41188.0,506.0,12,10,32,0.4,71,40.625,12,6,10.5,0.4
2021-02-08,125542.0,1432.0,9,8,13,4.4,76,89.0,9,6,5.3,0.4
2021-02-09,174932.0,4552.0,12,10,26,0.1,77,68.75,12,7,8.4,0.4
2021-02-10,90023.0,1757.0,12,8,27,0.0,72,23.375,12,6,10.6,0.4
2021-02-11,47201.0,1518.0,11,6,12,0.0,80,3.625,11,3,10.6,0.4
2021-02-12,143912.0,1895.0,7,5,18,14.8,89,69.625,8,1,6.9,0.4
2021-02-13,342686.0,3333.0,9,6,11,0.5,88,46.125,9,3,10.7,0.4
2021-02-14,198417.0,845.0,8,5,27,0.0,66,52.375,8,2,10.0,0.4
2021-02-15,101303.0,1433.0,9,6,13,1.6,73,77.5,9,3,5.4,0.4
2021-02-16,205619.0,1903.0,11,9,17,0.3,86,75.125,11,8,5.4,0.4
2021-02-17,105715.0,2201.0,14,9,6,0.0,85,20.875,14,8,10.8,0.4
2021-02-18,53709.0,570.0,12,10,26,1.6,88,72.5,12,8,5.4,0.4
2021-02-19,216866.0,1286.0,13,11,28,2.8,91,79.875,13,9,5.4,0.4
2021-02-20,166135.0,1075.0,13,11,34,0.0,87,61.875,13,9,10.1,0.4
2021-02-21,167491.0,466.0,13,10,42,0.0,88,34.125,13,7,10.1,0.4
2021-02-22,56674.0,422.0,13,12,54,4.9,86,94.75,13,8,5.5,0.4
2021-02-23,57578.0,742.0,12,11,19,5.6,93,89.875,12,9,5.5,0.4
2021-02-24,118091.0,2309.0,14,10,12,0.0,93,15.375,14,9,11.0,0.4
2021-02-25,119783.0,1457.0,15,9,12,0.0,87,2.375,15,8,11.0,0.4
2021-02-26,184278.0,2865.0,16,10,8,0.0,72,5.5,16,10,11.0,0.4
2021-02-27,371528.0,1076.0,15,11,10,1.0,81,41.375,15,10,7.1,0.4
2021-02-28,126399.0,971.0,14,9,20,3.7,75,58.375,14,6,10.1,0.4
